K,semantic_coherence_mean,exclusivity_mean,coherence_norm,exclusivity_norm,balanced_score,coherence_weighted_score
10,-40.92207373080975,9.556017660989268,1.0,0.0,0.5,0.6
15,-43.292863330175855,9.718643437507858,0.6738331567910302,0.7291493041168052,0.7014912304539177,0.6959596157213401
20,-44.44457674075561,9.758499962953138,0.515383529919597,0.9078501129004481,0.7116168214100226,0.6723701631119374
25,-48.19071445480627,9.761588343381796,0.0,0.9216971824647624,0.4608485912323812,0.36867887298590496
30,-47.951215973431424,9.779052608153584,0.03294955555915296,1.0,0.5164747777795765,0.4197697333354918
